URL,Email,Numero de telephone
https://www.oscar-referencement.com/,bonjour@oscar-referencement.com,09 81 24 91 63
https://www.lucas-lanceo.com/,lucas@lanceo-agence.com,0167 45.1334
https://webplease.fr/,contact@webplease.fr,0221537255
https://www.codsense.fr/,contact@codsense.fr,+33 6 87 19 45 09
https://websurmesure.dev/,Contact@websurmesure.dev,+33 1 75 43 04 31
https://www.bew-web-agency.fr/,contact@bew-web-agency.fr,0184606839
https://ts-cafeine.tech/,contact@tsdevup.link,0259740259
http://tradi-paris.fr/,tradi.bistro@gmail.com,0 484.336364
https://www.webiaprod.fr/contact/,contact@webiaprod.fr,0671386719
https://www.jinfo.fr/,marketing@jinfo.fr,0344361124
http://www.promoovoir.com/wix,8eb368c655b84e029ed79ad7a5c1718e@sentry.wixpress.com,03-24.14-23.73
https://www.aab-marketing.com/,info@aab-marketing.com,0796784566
https://www.acid-creation.com/,chris@chrisgaillard.com,04 76 21 38 05
https://pro-g.eu/,info@pro-g.eu,0476413131
http://b2bweb.fr/,contact@octopus-web.fr,0676831729
http://www.mevia.fr/,Logo-Horizontal-Yellow_Black@2x-1536x328.png.webp,0460448538
https://www.adekoite.fr/,contact@adekoite.fr,02 15.6115 16
https://wy-creations.com/realisations-site-internet/,projets@wy-creations.com,06.37.08.64.90
https://www.rodacom.fr/?utm_source=GMB&utm_medium=website&utm_campaign=rodacom,chris@chrisgaillard.com,0338105307
https://www.chrisgaillard.com/,chris@chrisgaillard.com,0620374090
http://www.lesyeuxdecarole.com/,lefrene@hotmail.com,06 66 64 59 83
https://fr.orson.io/,support@orson.io,0 100 68.2291
https://www.ideesdigitales.fr/,hello@ideesdigitales.fr,0714285705
https://www.transacts.fr/,hello@transacts.fr,05 30.8282 61
https://webisseo.com/,contact@studiojouvence.fr,0951864829
http://www.la-dame-du-web.com/,contact@la-dame-du-web.com,06 87 25 97 73
https://www.mezcalito.fr/,contact@mezcalito.fr,0476010391
https://www.cadrepi.fr/,service-client@cadrepi.fr,0546918437
https://www.24-7.fr/,patrick.dallut@agenceprisme.fr,04 76 71 84 47
https://fructiweb.com/,contact@webiaprod.fr,0166958033
https://www.metadosi.fr/contact-us/grenoble/,contact@storytelling.fr,+33973884537
https://www.webgraphista.com/,support@webgraphista.com,0623389368
http://ownweb.fr/,contact@ownweb.fr,0781185134
https://perceptiom.com/,chris@chrisgaillard.com,0515132802
https://leesi.fr/,example@domain.com,0295235885
https://www.mrweb.fr/,example@domain.com,06 68 53 53 79
http://www.webu.coop/,contact@storytelling.fr,0927 21.2340
http://www.yumelu.com/,contact@yumelu.com,0112812857
https://www.com-on-line.com/,contact@vertcameleon.fr,06.50.14.98.18
http://www.ecedi.fr/,contact@ecedi.fr,+33 1 70 95 70 70
https://www.zedd.fr/,contact@zedd.fr,+33458003057
http://arabica-communication.fr/,98b21aa53d68482b8414e892d9af0e5f@sentry-next.wixpress.com,0677286385
http://www.marinepentecote.fr/,contact@storytelling.fr,0705882353
http://blacksmith.studio/,partners@blacksmith.studio,+33632318874
https://www.linkeo-grenoble.com/,contact@melisetcom.fr,+33668241166
https://www.webiaprod.fr/,contact@webiaprod.fr,0485026908
https://super-webmaster.com/,contact@super-webmaster.com,0827131946
https://vertcameleon.fr/,contact@vertcameleon.fr,0283203125
https://scroll.ag/,contact@scroll.ag,0976310729
https://www.neptune.fr/,stickers-rose-moyen@2x.png,0416387831
http://agence-grenoble-communication.com/,patrick.dallut@agenceprisme.fr,04 76 51 86 86
http://technical-blue.com/,example@domain.com,0509803921
https://www.lachouette.co/,example@domain.com,0400384091
https://www.pumpup.fr/les-agences/grenoble/,contact@melisetcom.fr,04 58 00 53 80
https://4beez.agency/,contact@4beez-inc.com,+33 176543097
https://www.boost-mycom.com/,contact@boost-mycom.com,0717127476
https://www.fresh-mint.fr/,stickers-rose-moyen@2x.png,0808996558
http://www.labonneagence.com/,contact@melisetcom.fr,04 38 12 09 25
https://mexiiico.com/,contact@vertcameleon.fr,06.15536827
https://www.fx-comunik.fr/,contact@mezcalito.fr,0669776126
https://backstudio.fr/,contact@backstudio.fr,0931288587
https://ofaweb.fr/,contact@ofaweb.fr,02-12-10.59.11
https://www.referencement-grenoble.fr/,contact@webiaprod.fr,07 70 70 42 06
http://creation-site-web-grenoble.fr/,contact@agencecerf.com,+33476190535
https://webcreation.fr/home.html,toyota-thumbnail@2x-5b605a437c27439745950ec834422453.jpg,02.82399749
https://www.storytelling.fr/,contact@storytelling.fr,0830615021
https://www.laeka-communication.fr/,contact@mezcalito.fr,0613935254
https://wy-creations.com/,projets@wy-creations.com,0 192 86.25 19
http://www.illuminaweb.com/,contact@illuminaweb.com,0351226486
https://laredacduzebre.wordpress.com/,virginie.redacduzebre@gmail.com,0169583735
https://www.neobiz.fr/,contact@neobiz.fr,+33438120000
https://www.methode-letri.com/,contact@nidyanet.com,0897744958
https://social-media-for-you.com/,example@domain.com,0130600000
https://www.studiojouvence.fr/,contact@studiojouvence.fr,0896136636
http://www.fashandy.fr/,contact@studiojouvence.fr,0982785215
http://www.creation-site-web-paris.com/,contact@creation-site-web-paris.com,06.10.72.41.32
https://digiberries.fr/,contact@digiberries.fr,06 95 19 19 01
https://studiolouisette.fr/,contact@boost-mycom.com,06 04 53 74 79
https://www.melisetcom.fr/,contact@melisetcom.fr,0666666666
https://paris-site-internet.com/,projets@wy-creations.com,06.37.08.64.90
https://www.agence-dgweb.fr/,contact@agence-dgweb.fr,0751186617
https://www.adveris.fr/,contact@adveris.fr,01 83 62 85 80
https://www.monsieurplaton.com/,hello@monsieurplaton.com,07.86.27.93.28
https://nidyanet.com/,contact@nidyanet.com,0861707822
https://www.graphicstyle.fr/,contact@vertcameleon.fr,0426031736
