URL,Email,Numero de telephone
https://www.melisetcom.fr/,contact@melisetcom.fr,0666666666
https://websurmesure.dev/,Contact@websurmesure.dev,+33 1 75 43 04 31
https://www.boost-mycom.com/,contact@boost-mycom.com,0717127476
https://www.webgraphista.com/,support@webgraphista.com,0623389368
https://backstudio.fr/,contact@backstudio.fr,0931288587
https://www.bew-web-agency.fr/,contact@bew-web-agency.fr,0184606839
https://www.oscar-referencement.com/,bonjour@oscar-referencement.com,09 81 24 91 63
https://laredacduzebre.wordpress.com/,virginie.redacduzebre@gmail.com,0169583735
https://www.cadrepi.fr/,service-client@cadrepi.fr,0546918437
https://www.transacts.fr/,hello@transacts.fr,05 30.8282 61
https://www.codsense.fr/,contact@codsense.fr,+33 6 87 19 45 09
https://www.adveris.fr/,contact@adveris.fr,01 83 62 85 80
https://4beez.agency/,contact@4beez-inc.com,+33 176543097
https://www.webiaprod.fr/contact/,contact@webiaprod.fr,0181582954
https://ascan.io/,contact@ascan.io,0536 19.2652
https://www.mezcalito.fr/,plume_logos_partnenaires_trame-logo_blanc@2x.png,0476010391
https://developpeur-web-grenoble.fr/,contact@webiaprod.fr,+33485026908
https://webcreation.fr/home.html,toyota-thumbnail@2x-5b605a437c27439745950ec834422453.jpg,02.82399749
https://www.jinfo.fr/,marketing@jinfo.fr,0344361124
https://pro-g.eu/,expertise-03-bp575px@2x.png,0476413131
https://wy-creations.com/,projets@wy-creations.com,0 192 86.25 19
https://www.lucas-lanceo.com/,lucas@lanceo-agence.com,0167 45.1334
https://www.zedd.fr/,contact@zedd.fr,+33458003057
https://www.studiojouvence.fr/,contact@studiojouvence.fr,0896136636
http://b2bweb.fr/,contact@octopus-web.fr,0676831729
http://agence-grenoble-communication.com/,patrick.dallut@agenceprisme.fr,04 76 51 86 86
http://tradi-paris.fr/,tradi.bistro@gmail.com,0 484.336364
http://www.creation-site-web-paris.com/,contact@creation-site-web-paris.com,06.10.72.41.32
https://fr.orson.io/,support@orson.io,0 100 68.2291
https://vertcameleon.fr/,contact@vertcameleon.fr,0283203125
http://www.ecedi.fr/,contact@ecedi.fr,+33 1 70 95 70 70
http://creation-site-web-grenoble.fr/,contact@agencecerf.com,+33476190535
https://wy-creations.com/realisations-site-internet/,projets@wy-creations.com,06.37.08.64.90
https://digiberries.fr/,contact@digiberries.fr,06 95 19 19 01
https://super-webmaster.com/,contact@super-webmaster.com,0827131946
https://scroll.ag/,contact@scroll.ag,0976310729
https://www.chrisgaillard.com/,chris@chrisgaillard.com,0620374090
https://www.fresh-mint.fr/,stickers-rose-moyen@2x.png,0808996558
http://arabica-communication.fr/,98b21aa53d68482b8414e892d9af0e5f@sentry-next.wixpress.com,0677286385
https://www.qualiweb.fr/,bonjour@qualiweb.fr,0744716112
https://www.ideesdigitales.fr/,hello@ideesdigitales.fr,0714285705
http://ownweb.fr/,hello@ownweb.fr,0781185134
https://social-media-for-you.com/,example@domain.com,+33664651653
https://www.webiaprod.fr/,contact@webiaprod.fr,0485026908
http://www.promoovoir.com/wix,8eb368c655b84e029ed79ad7a5c1718e@sentry.wixpress.com,03-24.14-23.73
https://www.neobiz.fr/,contact@neobiz.fr,+33438120000
https://webplease.fr/,contact@webplease.fr,0221537255
http://digitalcoming.fr/,info@digitalcoming.fr,0903322391
https://paris-site-internet.com/,projets@wy-creations.com,06.37.08.64.90
https://www.aab-marketing.com/,info@aab-marketing.com,0796784566
https://www.storytelling.fr/,contact@storytelling.fr,0830615021
http://blacksmith.studio/,partners@blacksmith.studio,+33632318874
https://www.adekoite.fr/,contact@adekoite.fr,02 15.6115 16
https://www.referencement-grenoble.fr/,contact@webiaprod.fr,07 70 70 42 06
https://www.chaponstella.com/,contact@chaponstella.com,+33664430265
tel:0485026908,contact@webiaprod.fr,0181593267
https://ofaweb.fr/,contact@ofaweb.fr,02-12-10.59.11
http://www.lesyeuxdecarole.com/,lefrene@hotmail.com,06 66 64 59 83
http://www.mevia.fr/,Logo-Horizontal-Yellow_Black@2x-1536x328.png.webp,0460448538
http://www.la-dame-du-web.com/,contact@la-dame-du-web.com,06 87 25 97 73
https://ts-cafeine.tech/,contact@tsdevup.link,0259740259
https://www.agence-dgweb.fr/,contact@agence-dgweb.fr,0751186617
https://www.monsieurplaton.com/,hello@monsieurplaton.com,07.86.27.93.28
http://www.yumelu.com/,contact@yumelu.com,0112812857
